{
    "goates_flier": {
        "inviscid": {
            "Fx": {
                "total": 0.711438621073549
            },
            "Fy": {
                "total": -1.467515212887915e-15
            },
            "Fz": {
                "total": -40.05889959191479
            },
            "Mx": {
                "total": -3.633821972149116e-14
            },
            "My": {
                "total": -10.261457100829762
            },
            "Mz": {
                "total": 2.1632476650990873e-16
            },
            "FL": {
                "total": 40.05932564244883
            },
            "FD": {
                "total": 0.6870302023258283
            },
            "FS": {
                "total": -1.467515212887915e-15
            },
            "Mx_w": {
                "total": 3.6318802554835616e-14
            },
            "My_w": {
                "total": -10.261457100829762
            },
            "Mz_w": {
                "total": -1.3555688468633355e-15
            }
        },
        "viscous": {
            "Fx": {
                "total": -0.9077477259881254
            },
            "Fy": {
                "total": 3.1442446225806373e-18
            },
            "Fz": {
                "total": -0.011586863662583019
            },
            "Mx": {
                "total": -1.6325370887920613e-17
            },
            "My": {
                "total": 0.26100776493673006
            },
            "Mz": {
                "total": 1.094354345517026e-16
            },
            "FL": {
                "total": -0.020100133511518993
            },
            "FD": {
                "total": 0.9075991263101607
            },
            "FS": {
                "total": 3.1442446225806373e-18
            },
            "Mx_w": {
                "total": 1.3019753116494782e-17
            },
            "My_w": {
                "total": 0.26100776493673006
            },
            "Mz_w": {
                "total": -1.0943479299306133e-16
            }
        },
        "total": {
            "Fx": -0.19630910491457632,
            "Fy": -1.4643709682653343e-15,
            "Fz": -40.070486455577374,
            "Mx": -3.635454509237908e-14,
            "My": -10.000449335893032,
            "Mz": 3.2576020106161134e-16,
            "FD": 1.594629328635989,
            "FS": -1.4643709682653343e-15,
            "FL": 40.039225508937314,
            "Mx_w": 3.633182230795211e-14,
            "My_w": -10.000449335893032,
            "Mz_w": -1.4650036398563968e-15
        }
    }
}