{
    "goates_flier": {
        "stability": {
            "Cx,a": 0.3469497374211217,
            "Cy,a": -4.667171168413752e-17,
            "Cz,a": -5.465928057043146,
            "Cl,a": -1.2719125368252598e-15,
            "Cm,a": -2.687612436468553,
            "Cn,a": -5.2940713904469884e-17,
            "Cx,b": -5.342337941520751e-16,
            "Cy,b": -0.24486740578026048,
            "Cz,b": -3.1805546814635168e-15,
            "Cl,b": -0.07161907731177401,
            "Cm,b": -8.285622544894743e-15,
            "Cn,b": 0.11268132207110769,
            "CL,a": 5.460920844237313,
            "CD,a": 0.20424911653852473,
            "CS,a": -4.667171168413752e-17,
            "Cl_w,a": 1.2746767706354498e-15,
            "Cm_w,a": -2.687612436468553,
            "Cn_w,a": -4.3308323486438744e-17,
            "CL,b": 9.54166404439055e-15,
            "CD,b": 2.981770013872047e-16,
            "CS,b": -0.23039336735340857,
            "Cl_w,b": 0.0671406443212019,
            "Cm_w,b": -8.178901967738091e-15,
            "Cn_w,b": -0.11540370695008181,
            "%_static_margin": 49.21537068797986
        },
        "damping": {
            "Cx,pbar": 1.8973538018496337e-14,
            "Cy,pbar": -0.1329020482461423,
            "Cz,pbar": 0.0,
            "Cl,pbar": -0.5294934709442465,
            "Cm,pbar": -9.622064324598566e-14,
            "Cn,pbar": -0.04232225015515911,
            "Cx,qbar": -0.060500255362926796,
            "Cy,qbar": -2.126071192622208e-14,
            "Cz,qbar": -10.363858335710855,
            "Cl,qbar": -3.0173403433966304e-13,
            "Cm,qbar": -33.37275984810106,
            "Cn,qbar": -3.2438025455862107e-14,
            "Cx,rbar": -1.1384122811097801e-14,
            "Cy,rbar": 0.2521597076423445,
            "Cz,rbar": 0.0,
            "Cl,rbar": 0.08593649261459464,
            "Cm,rbar": -1.49468955884821e-13,
            "Cn,rbar": -0.12790723889491315,
            "CL,qbar": 10.353510297575145,
            "CD,qbar": 0.46695224765008775,
            "CS,qbar": -2.126071192622208e-14,
            "Cl_w,pbar": 0.5307460154596331,
            "Cm_w,pbar": -9.622064324598566e-14,
            "Cn_w,pbar": 0.021521517244614756,
            "CL,pbar": 0.0,
            "CD,pbar": -1.301042606982606e-14,
            "CS,pbar": -0.1329020482461423,
            "Cl_w,qbar": 3.0257649592392865e-13,
            "Cm_w,qbar": -33.37275984810106,
            "Cn_w,qbar": 1.9674963125686847e-14,
            "CL,rbar": 1.3877787807814462e-13,
            "CD,rbar": 1.7347234759768077e-14,
            "CS,rbar": 0.2521597076423445,
            "Cl_w,rbar": -0.08085349617169695,
            "Cm_w,rbar": -1.49468955884821e-13,
            "Cn_w,rbar": 0.13117947507681946
        },
        "control": {
            "Cx,daileron": -3.230250848361384e-16,
            "Cy,daileron": -0.05868047336199336,
            "Cz,daileron": 0.0,
            "Cl,daileron": -0.31329611802654317,
            "Cm,daileron": -7.066173730790528e-16,
            "Cn,daileron": -0.0010967853740277687,
            "CL,daileron": -3.1805546814635168e-15,
            "CD,daileron": 9.93923337957349e-17,
            "CS,daileron": -0.05868047336199336,
            "Cl_w,daileron": 0.31309805357054665,
            "Cm_w,daileron": -7.066173730790528e-16,
            "Cn_w,daileron": -0.011192379505414737,
            "Cx,delevator": 0.0633268886437306,
            "Cy,delevator": -6.889898283828698e-16,
            "Cz,delevator": -1.2288169397156943,
            "Cl,delevator": -1.844167531501535e-15,
            "Cm,delevator": -4.05684567663557,
            "Cn,delevator": 2.527452133771307e-16,
            "CL,delevator": 1.2303552091171424,
            "CD,delevator": -0.015080635127536431,
            "CS,delevator": -6.889898283828698e-16,
            "Cl_w,delevator": 1.8365113788060496e-15,
            "Cm_w,delevator": -4.05684567663557,
            "Cn_w,delevator": -3.078775441388375e-16,
            "Cx,drudder": -6.212020862233431e-17,
            "Cy,drudder": -0.1651292750802496,
            "Cz,drudder": -3.1805546814635168e-15,
            "Cl,drudder": -0.014390698359570405,
            "Cm,drudder": -2.6975700594248673e-15,
            "Cn,drudder": 0.0914089852583083,
            "CL,drudder": -3.1805546814635168e-15,
            "CD,drudder": 0.0,
            "CS,drudder": -0.1651292750802496,
            "Cl_w,drudder": 0.010794317056068172,
            "Cm_w,drudder": -2.6975700594248673e-15,
            "Cn_w,drudder": -0.091903087567953
        }
    }
}