{
    "goates_flier": {
        "alpha": 2.24787201277129,
        "elevator": -1.116158076080527
    }
}